Type,bedroom,bathroom,furnishing,Carpet Area (ft²),Maintenance (Monthly),facing,Total floor,Rent
Houses & Villas,1,1,Unfurnished,350,200,North,2,"₹ 7,500"
Apartments,2,2,Unfurnished,810,5,Residential apartment,2,"₹ 18,500"
Apartments,3,2,Semi-Furnished,950,3500,East,4,"₹ 1,55,00,000"
-1,-1,-1,-1,-1,-1,-1,-1,-1
Apartments,2,1,Furnished,1,0,East,5,"₹ 10,000"
-1,-1,-1,-1,-1,-1,-1,-1,-1
Apartments,2,2,Unfurnished,833,12,Balaji Whitefield,12,"₹ 14,500"
Houses & Villas,1,2,Unfurnished,650,0,North,2,"₹ 4,000"
Apartments,2,2,Unfurnished,800,0,North-West,130,"₹ 13,000"
Apartments,1,1,Unfurnished,470,0,North-West,14,"₹ 8,500"
Apartments,1,1,Unfurnished,460,0,North-East,4,"₹ 8,000"
-1,-1,-1,-1,-1,-1,-1,-1,-1
Apartments,2,2,Unfurnished,Yes,22,Lakeshore Heights Powai,12,"₹ 40,000"
Apartments,1,1,Unfurnished,500,0,West,5,"₹ 12,000"
Apartments,2,2,Furnished,850,10,NG SILVERSPRING,5,"₹ 22,000"
Apartments,1,2,Semi-Furnished,480,0,North-East,12,"₹ 14,000"
Apartments,2,2,Unfurnished,955,7,Mangalmurti Dham,5,"₹ 7,000"
-1,-1,-1,-1,-1,-1,-1,-1,-1
Apartments,1,1,Unfurnished,269,1,North-East,23,"₹ 14,000"
Apartments,1,2,Semi-Furnished,450,0,East,14,"₹ 16,000"
-1,-1,-1,-1,-1,-1,-1,-1,-1
Apartments,1,1,Semi-Furnished,225,0,East,7,"₹ 15,000"
Apartments,2,2,Semi-Furnished,800,500,North-East,4,"₹ 6,200"
Apartments,2,1,Unfurnished,850,15000,West,2,"₹ 16,000"
-1,-1,-1,-1,-1,-1,-1,-1,-1
Apartments,1,1,Unfurnished,300,00,East,4,"₹ 5,000"
Builder Floors,1,1,Unfurnished,388,500,South,3,"₹ 7,000"
Apartments,1,1,Unfurnished,300,0,East,2,"₹ 6,000"
Apartments,1,1,Unfurnished,480,0,West,4,"₹ 9,000"
Apartments,1,1,Unfurnished,550,0,East,3,"₹ 8,000"
Apartments,2,2,Semi-Furnished,960,0,East,11,"₹ 17,000"
Apartments,1,1,Unfurnished,550,0,East,2,"₹ 10,000"
Apartments,2,2,Unfurnished,500,0,East,3,"₹ 6,100"
Houses & Villas,3,3,Semi-Furnished,700,500,East,1,"₹ 12,000"
Apartments,1,2,Semi-Furnished,480,0,North-East,10,"₹ 16,000"
Apartments,1,1,Unfurnished,350,0,North-East,4,"₹ 9,000"
Apartments,1,1,Semi-Furnished,168,200,North-West,3,"₹ 5,000"
Apartments,2,2,Unfurnished,735,0,East,18,"₹ 9,500"
-1,-1,-1,-1,-1,-1,-1,-1,-1
Apartments,1,1,Semi-Furnished,350,0,North-East,7,"₹ 9,000"
Apartments,2,2,Semi-Furnished,860,0,North-East,7,"₹ 17,000"
Apartments,1,1,Semi-Furnished,490,0,North-East,7,"₹ 18,000"
Apartments,4,4,Furnished,2800,0,East,11,"₹ 70,000"
Apartments,2,2,Semi-Furnished,1030,0,East,12,"₹ 19,000"
Apartments,1,1,Unfurnished,500,0,East,18,"₹ 8,000"
Apartments,1,1,Unfurnished,760,0,Royal Serene Balewadi,9,"₹ 17,000"
Apartments,1,2,Semi-Furnished,415,14,SHEETAL HEIGHTS,14,"₹ 8,000"
Builder Floors,1,Unfurnished,Owner,Yes,2,Krushnai,1,"₹ 5,000"
Apartments,3,4,Unfurnished,1335,0,North,28,"₹ 50,000"
-1,-1,-1,-1,-1,-1,-1,-1,-1
Apartments,2,3,Semi-Furnished,1100,2000,East,4,"₹ 22,000"
Apartments,1,2,Furnished,500,1,East,5,"₹ 30,000"
Builder Floors,2,2,Semi-Furnished,780,0,North,5,"₹ 23,000"
Builder Floors,2,2,Semi-Furnished,890,0,East,22,"₹ 18,000"
Apartments,2,2,Furnished,750,00,East,07,"₹ 6,500"
-1,-1,-1,-1,-1,-1,-1,-1,-1
Apartments,1,1,Unfurnished,510,0,East,18,"₹ 7,500"
Houses & Villas,1,1,Unfurnished,425,0,East,2,"₹ 5,200"
Apartments,1,1,Semi-Furnished,305,24,New mhada tower kandivali West,17,"₹ 14,000"
Apartments,1,2,Semi-Furnished,450,0,The Walk Hiranandani Estate,19,"₹ 20,000"
-1,-1,-1,-1,-1,-1,-1,-1,-1
Apartments,1,1,Semi-Furnished,385,0,West,7,"₹ 9,000"
Houses & Villas,1,1,Unfurnished,650,0,North,1,"₹ 4,000"
Apartments,2,2,Unfurnished,650,0,West,23,"₹ 15,00,000"
Builder Floors,2,2,Unfurnished,850,0,South,3,"₹ 6,500"
Apartments,1,1,Semi-Furnished,240,7,CSR complex kandivali west,2,"₹ 8,000"
Builder Floors,1,1,Unfurnished,370,2,ARCHANA NEULKAR,1,"₹ 4,500"
Apartments,1,1,Unfurnished,305,24,New Mhada tower,13,"₹ 13,000"
Apartments,1,1,Unfurnished,240,0000,East,7,"₹ 13,000"
Apartments,3,3,Unfurnished,1200,0,North,7,"₹ 8,500"
-1,-1,-1,-1,-1,-1,-1,-1,-1
Houses & Villas,1,1,Unfurnished,480,0,East,0,"₹ 10,000"
Apartments,3,3,Unfurnished,950,2200,"shree Avenue complex, Shree pooja building",7,"₹ 21,000"
-1,-1,-1,-1,-1,-1,-1,-1,-1
Apartments,1,2,Semi-Furnished,No,19,DB OZone,1,"₹ 13,000"
Houses & Villas,3,3,Semi-Furnished,1200,00,South,2,"₹ 9,500"
Apartments,1,1,Unfurnished,320,250,East,2,"₹ 4,500"
Houses & Villas,1,1,Semi-Furnished,600,500,East,2,"₹ 6,500"
-1,-1,-1,-1,-1,-1,-1,-1,-1
Apartments,1,1,Furnished,350,1000,North-East,12,"₹ 23,000"
Houses & Villas,3,3,Semi-Furnished,1200,00,South,2,"₹ 9,500"
Apartments,1,1,Unfurnished,320,250,East,2,"₹ 4,500"
Houses & Villas,1,1,Semi-Furnished,600,500,East,2,"₹ 6,500"
-1,-1,-1,-1,-1,-1,-1,-1,-1
Apartments,1,1,Furnished,350,1000,North-East,12,"₹ 23,000"
Apartments,1,1,Unfurnished,500,00,West,2,"₹ 8,500"
Apartments,2,2,Semi-Furnished,1000,1000,East,4,"₹ 8,000"
Apartments,2,2,Unfurnished,1000,2750,South,13,"₹ 2,750"
Apartments,2,2,Furnished,850,0,North-East,7,"₹ 39,500"
Apartments,2,2,Unfurnished,920,0,East,5,"₹ 18,000"
Apartments,2,2,Semi-Furnished,715,0,North-East,19,"₹ 17,000"
Apartments,2,2,Semi-Furnished,650,2100,North,5,"₹ 16,100"
Apartments,1,1,Furnished,200,0,East,3,"₹ 15,000"
Apartments,2,2,Furnished,1000,1000,East,4,"₹ 12,000"
Houses & Villas,1,2,Unfurnished,711,0,East,1,"₹ 6,000"
Apartments,2,2,Semi-Furnished,860,0,North-East,7,"₹ 15,000"
Apartments,1,1,Unfurnished,250,0,East,4,"₹ 5,000"
Apartments,1,1,Semi-Furnished,225,7,"csr complex, ekta nagar, kandivali west",0,"₹ 10,000"
Apartments,2,2,Unfurnished,615,1200,West,3,"₹ 10,000"
Apartments,1,2,Unfurnished,478,500,West,3,"₹ 10,000"
Apartments,1,1,Semi-Furnished,240,7,Csr complex kandivali West,3,"₹ 8,000"
Apartments,2,1,Semi-Furnished,1000,1000,North,3,"₹ 7,000"
Apartments,1,2,Semi-Furnished,480,0,North-East,9,"₹ 12,500"
Apartments,2,2,Semi-Furnished,525,1500,North-East,6,"₹ 11,00,000"
Apartments,2,1,Unfurnished,900,4,"2BHk, Rent 13000",0,"₹ 13,000"
Apartments,1,2,Semi-Furnished,380,0,East,20,"₹ 22,000"
Apartments,3,3,Furnished,1200,500,North-East,6,"₹ 5,500"
Apartments,2,2,Furnished,800,3,MI Pride,1,"₹ 18,000"
Apartments,1,1,Unfurnished,448,0,North,8,"₹ 10,000"
Houses & Villas,1,1,Semi-Furnished,900,2,Pink bungalow,3+,"₹ 11,000"
Apartments,3,2,Unfurnished,900,0,West,6,"₹ 36,500"
Houses & Villas,1,1,Unfurnished,850,0,South,1,"₹ 4,500"
Builder Floors,1,1,Semi-Furnished,550,500,North-East,4,"₹ 2,500"
Apartments,2,2,Furnished,860,0,North-East,14,"₹ 18,000"
Apartments,1,1,Semi-Furnished,410,0,North-East,5,"₹ 10,500"
Apartments,1,1,Semi-Furnished,420,0,North-East,7,"₹ 13,000"
Apartments,2,1,Semi-Furnished,795,0,North-East,7,"₹ 17,000"
Apartments,1,1,Furnished,450,0,North-East,7,"₹ 18,000"
Apartments,1,1,Furnished,435,0,North-East,14,"₹ 20,000"
Apartments,1,2,Furnished,430,0,North-East,7,"₹ 17,000"
Apartments,2,1,Semi-Furnished,700,750,East,4,"₹ 11,000"
Apartments,2,1,Semi-Furnished,00,00,North-East,3,"₹ 5,000"
Apartments,2,2,Semi-Furnished,1200,0,South-East,12,"₹ 4,000"
Apartments,1,1,Unfurnished,485,1225,East,07,"₹ 5,500"
-1,-1,-1,-1,-1,-1,-1,-1,-1
-1,-1,-1,-1,-1,-1,-1,-1,-1
Apartments,1,2,Semi-Furnished,405,0,North-East,19,"₹ 13,000"
Apartments,2,2,Semi-Furnished,900,2050,East,14,"₹ 14,000"
-1,-1,-1,-1,-1,-1,-1,-1,-1
Apartments,1,1,Unfurnished,250,0,On Request,10,"₹ 18,000"
-1,-1,-1,-1,-1,-1,-1,-1,-1
Apartments,2,2,Furnished,760,1500,East,4,"₹ 16,000"
Apartments,1,1,Semi-Furnished,350,200,South-West,4,"₹ 3,000"
Apartments,2,2,Semi-Furnished,880,00,Premier,7,"₹ 35,00,000"
Apartments,2,2,Semi-Furnished,850,0,North-East,12,"₹ 20,500"
Apartments,1,1,Unfurnished,490,500,East,9,"₹ 14,000"
Apartments,1,1,Unfurnished,450,0,West,4,"₹ 12,000"
Apartments,2,2,Semi-Furnished,700,500,South-West,3,"₹ 10,000"
Apartments,1,1,Unfurnished,250,7,CITIZENS CHS LTD,6,"₹ 9,000"
Apartments,1,1,Unfurnished,520,500,West,4,"₹ 8,000"
Apartments,2,2,Semi-Furnished,1000,1000,East,12,"₹ 18,000"
Builder Floors,2,2,Unfurnished,750,600,North-East,07,"₹ 10,00,000"
Apartments,1,1,Unfurnished,435,0,East,7,"₹ 7,500"
Apartments,2,2,Furnished,1000,700,North,4,"₹ 12,000"
Apartments,2,2,Unfurnished,850,0,North-East,12,"₹ 10,500"
-1,-1,-1,-1,-1,-1,-1,-1,-1
Apartments,1,1,Furnished,425,0,East,7,"₹ 7,000"
Apartments,2,2,Unfurnished,850,0,North,5,"₹ 16,000"
Houses & Villas,3,2,Semi-Furnished,2000,12,North-East,2,"₹ 12,000"
Houses & Villas,1,1,Unfurnished,580,200,North-East,2,"₹ 7,500"
-1,-1,-1,-1,-1,-1,-1,-1,-1
Houses & Villas,1,1,Unfurnished,430,17000,North-East,2,"₹ 17,000"
Houses & Villas,2,1,Furnished,600,0,North-East,0,"₹ 7,000"
Apartments,3,3,Semi-Furnished,840,0,North-East,7,"₹ 23,500"
Apartments,1,2,Semi-Furnished,425,0,North-East,7,"₹ 15,000"
Apartments,2,2,Semi-Furnished,625,0,North-East,14,"₹ 18,500"
Apartments,1,2,Semi-Furnished,405,0,North-East,7,"₹ 14,000"
Apartments,1,2,Semi-Furnished,390,0,North-East,7,"₹ 13,500"
Apartments,1,2,Semi-Furnished,410,0,North-East,14,"₹ 16,500"
Apartments,1,1,Semi-Furnished,480,4,Magshrish,2,"₹ 11,000"
-1,-1,-1,-1,-1,-1,-1,-1,-1
Apartments,1,1,Unfurnished,250,7,CITIZENS CHS LTD,6,"₹ 10,000"
Apartments,1,1,Semi-Furnished,400,0,North-West,4,"₹ 8,000"
-1,-1,-1,-1,-1,-1,-1,-1,-1
Apartments,2,2,Furnished,735,0,North-East,18,"₹ 30,000"
Apartments,1,1,Unfurnished,600,400,East,4,"₹ 7,000"
Apartments,1,1,Unfurnished,425,500,East,20,"₹ 10,000"
Builder Floors,1,2,Furnished,400,800,North-West,7,"₹ 7,500"
Apartments,1,1,Unfurnished,280,1000,East,22,"₹ 16,000"
Apartments,2,2,Unfurnished,850,3000,East,6,"₹ 22,000"
Apartments,1,1,Unfurnished,400,300,East,4,"₹ 23,00,000"
-1,-1,-1,-1,-1,-1,-1,-1,-1
Builder Floors,1,1,Unfurnished,50,4500,Nishad kulkarni,0,"₹ 4,500"
Apartments,3,3,Unfurnished,1400,0,East,7,"₹ 70,000"
Houses & Villas,2,2,Unfurnished,130,300,East,2,"₹ 11,000"
-1,-1,-1,-1,-1,-1,-1,-1,-1
Apartments,1,1,Unfurnished,237,000,1 bhk rent,40,"₹ 22,000"
Apartments,1,2,Furnished,480,0,North-East,14,"₹ 18,000"
Apartments,2,2,Unfurnished,390,0,North-East,8,"₹ 21,000"
-1,-1,-1,-1,-1,-1,-1,-1,-1
-1,-1,-1,-1,-1,-1,-1,-1,-1
Apartments,1,1,Semi-Furnished,300,2,Ashoka society,1,"₹ 6,500"
-1,-1,-1,-1,-1,-1,-1,-1,-1
-1,-1,-1,-1,-1,-1,-1,-1,-1
Apartments,1,1,Semi-Furnished,480,0,North-East,7,"₹ 12,500"
Apartments,1,2,Furnished,410,0,North-East,7,"₹ 15,000"
Apartments,1,2,Furnished,378,0,North-East,6,"₹ 15,000"
Apartments,1,2,Semi-Furnished,425,0,North-East,12,"₹ 14,500"
Builder Floors,1,2,Unfurnished,375,0,North-East,4,"₹ 12,500"
Apartments,1,2,Unfurnished,380,0,North-East,7,"₹ 13,000"
Houses & Villas,3,1,Unfurnished,300,00,North,1,"₹ 7,000"
-1,-1,-1,-1,-1,-1,-1,-1,-1
Builder Floors,1,1,Semi-Furnished,108,500,West,0,"₹ 2,500"
Apartments,1,1,Unfurnished,449,8,Casa Rio Lodha Palava City Dombivli East,1,"₹ 8,500"
Houses & Villas,1,1,Semi-Furnished,4,2,Prakash Jadhav,2,"₹ 5,000"
-1,-1,-1,-1,-1,-1,-1,-1,-1
Apartments,1,2,Furnished,350,0,East,7,"₹ 6,000"
Apartments,2,1,Furnished,700,150,Kudale patil estate,4,"₹ 3,500"
Apartments,1,1,Unfurnished,299,10,Ram Smrut & KISHOR VILLA,6,"₹ 30,000"
Apartments,2,2,Semi-Furnished,800,0,North,14,"₹ 45,000"
Apartments,3,3,Semi-Furnished,1350,500,West,3,"₹ 16,000"
Houses & Villas,1,1,Unfurnished,812,0,North-West,1,"₹ 4,000"
Builder Floors,2,2,Semi-Furnished,980,0,East,4,"₹ 18,000"
Apartments,2,1,Semi-Furnished,1250,4000,East,3,"₹ 4,000"
Apartments,1,1,Unfurnished,250,7,CITIZENS CHS LTD,3,"₹ 10,000"
Apartments,1,Unfurnished,Owner,Yes,4,Ganraj residency,3,"₹ 4,000"
Houses & Villas,1,1,Semi-Furnished,300,0,West,1,"₹ 5,500"
Houses & Villas,2,1,Unfurnished,650,0,North,1,"₹ 1,500"
Apartments,1,1,Unfurnished,481,2000,East,7,"₹ 22,000"
-1,-1,-1,-1,-1,-1,-1,-1,-1
Apartments,2,1,Furnished,790,500,North,2,"₹ 9,500"
Apartments,3,3,Unfurnished,600,100,East,3,"₹ 13,000"
-1,-1,-1,-1,-1,-1,-1,-1,-1
-1,-1,-1,-1,-1,-1,-1,-1,-1
Apartments,1,2,Unfurnished,450,2000,North,24,"₹ 38,000"
Apartments,2,2,Furnished,700,0,East,8,"₹ 25,000"
-1,-1,-1,-1,-1,-1,-1,-1,-1
Apartments,2,2,Semi-Furnished,850,15,Mantra insignia,5,"₹ 11,999"
Apartments,2,2,Unfurnished,760,0,15 mint walking distance from station,7,"₹ 14,200"
-1,-1,-1,-1,-1,-1,-1,-1,-1
Apartments,2,1,Unfurnished,660,0,Sai- B Appartment,2,"₹ 10,000"
Apartments,2,1,Semi-Furnished,950,800,East,3,"₹ 11,000"
Apartments,1,1,Semi-Furnished,270,200,East,2,"₹ 5,500"
-1,-1,-1,-1,-1,-1,-1,-1,-1
Apartments,2,2,Semi-Furnished,950,500,West,4,"₹ 9,000"
Apartments,2,2,Furnished,650,0,East,10,"₹ 16,500"
Apartments,1,1,Unfurnished,300,0,East,5,"₹ 8,000"
Houses & Villas,1,1,Unfurnished,350,0,North-East,2,"₹ 6,000"
Apartments,1,1,Unfurnished,550,7000,North,7,"₹ 7,000"
-1,-1,-1,-1,-1,-1,-1,-1,-1
Apartments,1,1,Unfurnished,400,9,SUNSHINE,2,"₹ 9,500"
Apartments,1,1,Unfurnished,794,0,North-East,14,"₹ 14,500"
Builder Floors,1,1,Unfurnished,650,500,East,7,"₹ 16,000"
Houses & Villas,2,2,Unfurnished,1100,0000,East,1,"₹ 8,000"
Apartments,3,2,Unfurnished,1880,1000,East,4,"₹ 20,000"
Apartments,2,2,Semi-Furnished,715,0,North-East,19,"₹ 17,000"
Apartments,1,1,Semi-Furnished,380,000,East,4,"₹ 6,500"
Apartments,3,2,Unfurnished,1018,0,East,15,"₹ 50,000"
Apartments,1,1,Semi-Furnished,550,0,West,3,"₹ 11,500"
Apartments,2,2,Dealer,Yes,11,ganga constell,2,"₹ 22,000"
Builder Floors,1,1,Unfurnished,650,500,East,7,"₹ 16,000"
Houses & Villas,2,2,Unfurnished,1100,0000,East,1,"₹ 8,000"
Apartments,3,2,Unfurnished,1018,0,East,15,"₹ 50,000"
Apartments,1,1,Semi-Furnished,550,0,West,3,"₹ 11,500"
Apartments,2,2,Dealer,Yes,11,ganga constell,2,"₹ 22,000"
Houses & Villas,1,1,Semi-Furnished,300,0,East,2,"₹ 6,501"
Apartments,2,2,Unfurnished,850,500,West,7,"₹ 8,500"
Apartments,2,2,Unfurnished,No,4,Sai Balaji Apartment,2,"₹ 10,000"
-1,-1,-1,-1,-1,-1,-1,-1,-1
Apartments,2,2,Unfurnished,850,0,East,2,"₹ 15,000"
Apartments,2,2,Semi-Furnished,850,500,North-West,3,"₹ 9,000"
Apartments,1,1,Unfurnished,550,2000,East,6,"₹ 8,500"
Apartments,2,2,Unfurnished,760,0,15 mint walking distance from station,7,"₹ 14,200"
Apartments,1,1,Semi-Furnished,299,8,Acharatbaug & Jai Malhar Building,5,"₹ 35,000"
Apartments,2,2,Furnished,735,0,North-East,18,"₹ 30,000"
Apartments,2,2,Semi-Furnished,950,500,West,3,"₹ 13,000"
Apartments,1,1,Unfurnished,360,720,East,7,"₹ 5,000"
-1,-1,-1,-1,-1,-1,-1,-1,-1
Apartments,1,1,Unfurnished,500,1450,East,6,"₹ 9,000"
Houses & Villas,1,1,Semi-Furnished,460,4,No,0,"₹ 10,000"
-1,-1,-1,-1,-1,-1,-1,-1,-1
Apartments,1,1,Semi-Furnished,550,25000,North,5,"₹ 9,000"
Apartments,1,1,Unfurnished,450,8000,North-East,3,"₹ 8,000"
-1,-1,-1,-1,-1,-1,-1,-1,-1
Houses & Villas,1,1,Semi-Furnished,300,00,East,1,"₹ 12,500"
-1,-1,-1,-1,-1,-1,-1,-1,-1
Apartments,1,1,Unfurnished,400,00,North-East,11,"₹ 7,300"
Apartments,1,1,Unfurnished,510,750,East,12,"₹ 9,500"
Apartments,2,2,Semi-Furnished,840,2000,East,6,"₹ 23,000"
Apartments,2,2,Unfurnished,700,0,East,7,"₹ 40,000"
Apartments,1,1,Furnished,491,10,Leisure Town Hadapsar,1,"₹ 22,000"
Builder Floors,1,1,Semi-Furnished,160,0,South-East,5,"₹ 12,000"
Apartments,3,2,Unfurnished,1880,1000,East,4,"₹ 20,000"
Apartments,2,2,Unfurnished,550,30000,North-East,14,"₹ 30,000"
Apartments,3,3,Unfurnished,1050,1200,East,12,"₹ 22,000"
-1,-1,-1,-1,-1,-1,-1,-1,-1
Builder Floors,1,1,Semi-Furnished,520,0,East,2,"₹ 14,000"
Apartments,1,1,Unfurnished,275,0,East,2,"₹ 5,500"
Apartments,1,1,Unfurnished,600,450,East,5,"₹ 6,000"
Apartments,1,1,Unfurnished,250,7,CITIZENS CHS LTD,4,"₹ 9,500"
Apartments,2,2,Semi-Furnished,1100,200,East,3,"₹ 12,500"
Houses & Villas,3,3,Unfurnished,1300,0,POTTAYIL,1,"₹ 14,000"
Houses & Villas,2,2,Semi-Furnished,1250,0,East,1,"₹ 14,000"
Apartments,2,2,Semi-Furnished,700,0,South,2,"₹ 20,000"
Apartments,2,2,Unfurnished,750,10000,Own,1,"₹ 10,000"
Apartments,2,2,Furnished,369,1000,A star realtors,3,"₹ 13,000"
Houses & Villas,2,2,Semi-Furnished,250,0,East,2,"₹ 8,500"
-1,-1,-1,-1,-1,-1,-1,-1,-1
-1,-1,-1,-1,-1,-1,-1,-1,-1
Houses & Villas,2,1,Semi-Furnished,200,0,East,2,"₹ 9,500"
Houses & Villas,2,2,Furnished,1180,1000,Swas,2,"₹ 5,000"
Apartments,2,2,Semi-Furnished,1500,1500,Vega Pavilion Appartments,3,"₹ 3,000"
-1,-1,-1,-1,-1,-1,-1,-1,-1
Houses & Villas,2,2,Unfurnished,200,15000,North,2,"₹ 15,000"
Houses & Villas,2,2,Semi-Furnished,950,1000,East,1,"₹ 12,000"
Houses & Villas,2,1,Furnished,600,0,North-West,1,"₹ 10,000"
-1,-1,-1,-1,-1,-1,-1,-1,-1
Houses & Villas,3,3,Semi-Furnished,500,0,East,2,"₹ 15,000"
Apartments,3,3,Semi-Furnished,100,0,East,17,"₹ 18,000"
Apartments,2,2,Furnished,500,500,North-East,3,"₹ 16,000"
Houses & Villas,3,3,Furnished,1800,0,North-East,2,"₹ 1,500"
-1,-1,-1,-1,-1,-1,-1,-1,-1
Apartments,3,2,Semi-Furnished,1000,1000,North-East,2,"₹ 12,000"
Apartments,2,2,Semi-Furnished,1000,1400,North-East,3,"₹ 11,000"
Houses & Villas,1,2,Semi-Furnished,1100,8000,South,2,"₹ 8,000"
-1,-1,-1,-1,-1,-1,-1,-1,-1
-1,-1,-1,-1,-1,-1,-1,-1,-1
Houses & Villas,2,2,Furnished,750,8500,East,2,"₹ 8,500"
Apartments,2,2,Furnished,0,0,South-West,6,"₹ 18,000"
Apartments,2,2,Semi-Furnished,1000,3,Apartment,1,"₹ 9,000"
Houses & Villas,1,2,Unfurnished,400,7000,South,1,"₹ 7,000"
-1,-1,-1,-1,-1,-1,-1,-1,-1
-1,-1,-1,-1,-1,-1,-1,-1,-1
Houses & Villas,3,3,Furnished,1408,0,East,2,"₹ 16,000"
Houses & Villas,4+,4+,Unfurnished,5000,100,Ullas Francis,4,"₹ 50,000"
Apartments,3,3,Furnished,790,3000,A star realtors,18,"₹ 21,000"
-1,-1,-1,-1,-1,-1,-1,-1,-1
-1,-1,-1,-1,-1,-1,-1,-1,-1
Apartments,3,3,Semi-Furnished,1400,4000,National Sunny Palace,12,"₹ 18,000"
Apartments,3,3,Furnished,634,3400,A star realtors,15,"₹ 17,000"
Houses & Villas,4,4,Semi-Furnished,2000,0,East,2,"₹ 20,000"
Apartments,3,3,Unfurnished,1018,15000,North-East,3,"₹ 15,000"
Apartments,3,3,Furnished,1400,15000,South-East,3,"₹ 15,000"
Houses & Villas,2,2,Semi-Furnished,1200,13000,9387555001,2,"₹ 12,000"
Houses & Villas,2,2,Semi-Furnished,950,1,House for rent,1,"₹ 9,000"
-1,-1,-1,-1,-1,-1,-1,-1,-1
Houses & Villas,2,2,Semi-Furnished,800,0,PM House,1,"₹ 10,000"
Apartments,3,3,Semi-Furnished,1300,2000,East,10,"₹ 15,000"
Houses & Villas,3,2,Semi-Furnished,1500,500,East,2,"₹ 22,000"
Apartments,2,2,Semi-Furnished,1000,3,AS Dreams,1,"₹ 9,000"
Apartments,3,3,Semi-Furnished,1400,3000,East,4,"₹ 17,000"
Apartments,3,3,Semi-Furnished,1200,0,South-East,14,"₹ 20,000"
-1,-1,-1,-1,-1,-1,-1,-1,-1
Apartments,2,2,Unfurnished,650,7000,West,2,"₹ 7,000"
-1,-1,-1,-1,-1,-1,-1,-1,-1
Houses & Villas,2,2,Semi-Furnished,750,0,Sneha Apartment Complex,0,"₹ 6,000"
Houses & Villas,2,2,Furnished,950,1000,West,2,"₹ 15,000"
Apartments,2,1,Unfurnished,100,250,North,3,"₹ 8,000"
Apartments,2,2,Furnished,950,2800,East,7,"₹ 13,200"
-1,-1,-1,-1,-1,-1,-1,-1,-1
Houses & Villas,1,1,Semi-Furnished,300,0,East,2,"₹ 3,000"
Apartments,1,1,Semi-Furnished,250,200,North,3,"₹ 4,300"
Houses & Villas,2,2,Unfurnished,1000,10000,East,2,"₹ 10,000"
-1,-1,-1,-1,-1,-1,-1,-1,-1
Apartments,2,2,Furnished,1000,500,East,2,"₹ 12,000"
-1,-1,-1,-1,-1,-1,-1,-1,-1
Houses & Villas,3,3,Semi-Furnished,1800,0,MOBILE 9846020112,2,"₹ 15,000"
Apartments,2,2,Semi-Furnished,750,2000,South-East,15,"₹ 20,000"
Apartments,1,1,Unfurnished,800,0,MOBILE 9846020112,3,"₹ 10,000"
Apartments,2,2,Unfurnished,1100,0,MOBILE 9846020112,3,"₹ 13,000"
Houses & Villas,2,2,Furnished,350,0,West,3,"₹ 12,000"
Apartments,2,2,Unfurnished,950,0,MOBILE 9846020112,2,"₹ 7,500"
Apartments,2,2,Furnished,1100,2000,East,8,"₹ 18,000"
-1,-1,-1,-1,-1,-1,-1,-1,-1
Apartments,2,2,Furnished,850,1000,North-East,10,"₹ 17,500"
Apartments,3,3,Furnished,1100,1500,North-East,9,"₹ 21,000"
-1,-1,-1,-1,-1,-1,-1,-1,-1
Houses & Villas,3,2,Furnished,1500,6000,East,1,"₹ 6,000"
Houses & Villas,2,2,Unfurnished,850,1,Noushad,0,"₹ 9,500"
Apartments,3,2,Semi-Furnished,1300,1000,West,4,"₹ 7,00,000"
-1,-1,-1,-1,-1,-1,-1,-1,-1
Apartments,2,2,Semi-Furnished,1100,2000,MOBILE 9846020112,8,"₹ 12,500"
Houses & Villas,3,2,Unfurnished,1200,1,Gangamanthiram,1,"₹ 8,000"
-1,-1,-1,-1,-1,-1,-1,-1,-1
-1,-1,-1,-1,-1,-1,-1,-1,-1
-1,-1,-1,-1,-1,-1,-1,-1,-1
Apartments,2,2,Semi-Furnished,800,0,East,3,"₹ 9,000"
-1,-1,-1,-1,-1,-1,-1,-1,-1
-1,-1,-1,-1,-1,-1,-1,-1,-1
-1,-1,-1,-1,-1,-1,-1,-1,-1
-1,-1,-1,-1,-1,-1,-1,-1,-1
Apartments,2,2,Furnished,850,2,UTRA-44-A,1,"₹ 1,200"
-1,-1,-1,-1,-1,-1,-1,-1,-1
-1,-1,-1,-1,-1,-1,-1,-1,-1
-1,-1,-1,-1,-1,-1,-1,-1,-1
-1,-1,-1,-1,-1,-1,-1,-1,-1
-1,-1,-1,-1,-1,-1,-1,-1,-1
-1,-1,-1,-1,-1,-1,-1,-1,-1
-1,-1,-1,-1,-1,-1,-1,-1,-1
Apartments,2,2,Unfurnished,650,100,West,2,"₹ 12,000"
Houses & Villas,2,2,Unfurnished,1050,2,Devadeyam,1,"₹ 7,000"
Houses & Villas,4+,4+,Furnished,3000,2000,East,2,"₹ 25,000"
-1,-1,-1,-1,-1,-1,-1,-1,-1
-1,-1,-1,-1,-1,-1,-1,-1,-1
-1,-1,-1,-1,-1,-1,-1,-1,-1
Houses & Villas,3,3,Furnished,2500,2000,East,2,"₹ 20,000"
Houses & Villas,3,4,Semi-Furnished,1750,2,9387555001,1,"₹ 25,000"
-1,-1,-1,-1,-1,-1,-1,-1,-1
Apartments,2,1,Unfurnished,500,0,North-East,2,"₹ 7,500"
-1,-1,-1,-1,-1,-1,-1,-1,-1
Builder Floors,2,2,Unfurnished,1000,0,East,2,"₹ 10,000"
-1,-1,-1,-1,-1,-1,-1,-1,-1
-1,-1,-1,-1,-1,-1,-1,-1,-1
-1,-1,-1,-1,-1,-1,-1,-1,-1
-1,-1,-1,-1,-1,-1,-1,-1,-1
-1,-1,-1,-1,-1,-1,-1,-1,-1
-1,-1,-1,-1,-1,-1,-1,-1,-1
-1,-1,-1,-1,-1,-1,-1,-1,-1
-1,-1,-1,-1,-1,-1,-1,-1,-1
-1,-1,-1,-1,-1,-1,-1,-1,-1
-1,-1,-1,-1,-1,-1,-1,-1,-1
-1,-1,-1,-1,-1,-1,-1,-1,-1
-1,-1,-1,-1,-1,-1,-1,-1,-1
-1,-1,-1,-1,-1,-1,-1,-1,-1
-1,-1,-1,-1,-1,-1,-1,-1,-1
-1,-1,-1,-1,-1,-1,-1,-1,-1
Apartments,2,2,Furnished,1500,3300,East,9,"₹ 20,000"
-1,-1,-1,-1,-1,-1,-1,-1,-1
-1,-1,-1,-1,-1,-1,-1,-1,-1
-1,-1,-1,-1,-1,-1,-1,-1,-1
-1,-1,-1,-1,-1,-1,-1,-1,-1
-1,-1,-1,-1,-1,-1,-1,-1,-1
-1,-1,-1,-1,-1,-1,-1,-1,-1
Houses & Villas,3,2,Unfurnished,100,1,1st Floor for rent,1,"₹ 9,000"
-1,-1,-1,-1,-1,-1,-1,-1,-1
-1,-1,-1,-1,-1,-1,-1,-1,-1
-1,-1,-1,-1,-1,-1,-1,-1,-1
-1,-1,-1,-1,-1,-1,-1,-1,-1
-1,-1,-1,-1,-1,-1,-1,-1,-1
Apartments,2,3,Semi-Furnished,1100,600,North-East,3,"₹ 14,000"
-1,-1,-1,-1,-1,-1,-1,-1,-1
Apartments,3,3,Semi-Furnished,120,2400,A star realtors,14,"₹ 14,000"
Builder Floors,3,2,Unfurnished,900,1,Denny Xavier,1,"₹ 15,000"
-1,-1,-1,-1,-1,-1,-1,-1,-1
Houses & Villas,2,3,Semi-Furnished,1200,0,North-West,1,"₹ 12,500"
-1,-1,-1,-1,-1,-1,-1,-1,-1
Houses & Villas,2,2,Furnished,2300,0,South,1,"₹ 20,000"
-1,-1,-1,-1,-1,-1,-1,-1,-1
Apartments,2,2,Semi-Furnished,950,3000,North-East,20,"₹ 14,500"
-1,-1,-1,-1,-1,-1,-1,-1,-1
Houses & Villas,2,2,Semi-Furnished,650,500,South-East,2,"₹ 10,000"
Houses & Villas,2,2,Semi-Furnished,750,250,North-East,3,"₹ 9,000"
-1,-1,-1,-1,-1,-1,-1,-1,-1
-1,-1,-1,-1,-1,-1,-1,-1,-1
Houses & Villas,3,2,Semi-Furnished,1000,3500,South,1,"₹ 3,500"
-1,-1,-1,-1,-1,-1,-1,-1,-1
Apartments,1,1,Semi-Furnished,101,500,A star realtors,3,"₹ 12,500"
-1,-1,-1,-1,-1,-1,-1,-1,-1
-1,-1,-1,-1,-1,-1,-1,-1,-1
Houses & Villas,3,2,Unfurnished,950,0,East,1,"₹ 7,500"
-1,-1,-1,-1,-1,-1,-1,-1,-1
-1,-1,-1,-1,-1,-1,-1,-1,-1
-1,-1,-1,-1,-1,-1,-1,-1,-1
Apartments,3,3,Semi-Furnished,1000,2300,East,09,"₹ 15,000"
-1,-1,-1,-1,-1,-1,-1,-1,-1
Houses & Villas,4+,4+,Unfurnished,2500,3,"Suitable Space for Dental Clinic/ayurvedic hospitals,Offices, etc",123,"₹ 1,00,000"
-1,-1,-1,-1,-1,-1,-1,-1,-1
-1,-1,-1,-1,-1,-1,-1,-1,-1
Builder Floors,2,2,Unfurnished,650,10,North,2,"₹ 9,000"
Houses & Villas,3,3,Semi-Furnished,1000,3,House for rent @ Kowdiar,2,"₹ 13,000"
-1,-1,-1,-1,-1,-1,-1,-1,-1
Apartments,2,2,Furnished,1100,1500,North,3,"₹ 11,500"
Apartments,2,2,Furnished,970,2000,Branded Society,19,"₹ 18,000"
Apartments,2,2,Semi-Furnished,850,2000,Branded Society,11,"₹ 13,000"
-1,-1,-1,-1,-1,-1,-1,-1,-1
Apartments,3,3,Semi-Furnished,1300,2500,Dd Diamond Valley,15,"₹ 13,500"
Houses & Villas,2,2,Semi-Furnished,950,0,North,1,"₹ 10,000"
-1,-1,-1,-1,-1,-1,-1,-1,-1
Apartments,2,2,Unfurnished,2000,2,Real peace rental apartments,2,"₹ 10,000"
-1,-1,-1,-1,-1,-1,-1,-1,-1
-1,-1,-1,-1,-1,-1,-1,-1,-1
Apartments,2,2,Semi-Furnished,1000,11000,North,2,"₹ 11,000"
Houses & Villas,4,4,Unfurnished,1800,0,Kalathode krishnapuram,2,"₹ 24,000"
-1,-1,-1,-1,-1,-1,-1,-1,-1
-1,-1,-1,-1,-1,-1,-1,-1,-1
-1,-1,-1,-1,-1,-1,-1,-1,-1
Houses & Villas,1,2,Unfurnished,600,1,Lease agreement,1,"₹ 2,50,000"
Houses & Villas,1,1,Semi-Furnished,500,250,North-East,4,"₹ 7,000"
Apartments,2,2,Unfurnished,1100,1000,East,3,"₹ 9,000"
Apartments,2,2,Furnished,1050,1750,North-East,10,"₹ 20,000"
Houses & Villas,3,3,Semi-Furnished,1300,15000,East,1,"₹ 15,000"
-1,-1,-1,-1,-1,-1,-1,-1,-1
Houses & Villas,2,2,Semi-Furnished,1600,0,East,2,"₹ 13,000"
-1,-1,-1,-1,-1,-1,-1,-1,-1
Apartments,2,2,Furnished,658,1000,A star realtors,17,"₹ 17,000"
Apartments,3,3,Furnished,796,2000,A star realtors,17,"₹ 20,000"
Apartments,3,2,Furnished,200,4000,A star realtors,19,"₹ 22,000"
Houses & Villas,2,1,Semi-Furnished,650,250,North-East,4,"₹ 10,000"
Apartments,1,1,Furnished,150,5000,Shon villa,1,"₹ 5,000"
-1,-1,-1,-1,-1,-1,-1,-1,-1
Apartments,3,3,Unfurnished,1350,4,Meridian Saj,2,"₹ 19,000"
Houses & Villas,3,3,Furnished,2000,100,East,2,"₹ 25,000"
-1,-1,-1,-1,-1,-1,-1,-1,-1
-1,-1,-1,-1,-1,-1,-1,-1,-1
Apartments,3,3,Furnished,1850,2600,East,18,"₹ 18,000"
-1,-1,-1,-1,-1,-1,-1,-1,-1
Houses & Villas,3,3,Semi-Furnished,500,2000,North-West,1,"₹ 2,000"
-1,-1,-1,-1,-1,-1,-1,-1,-1
Apartments,4,4,Furnished,1800,2500,East,10,"₹ 15,000"
Apartments,2,2,Semi-Furnished,1450,2800,East,17,"₹ 17,000"
Apartments,3,3,Unfurnished,1200,0,North,3,"₹ 13,000"
Houses & Villas,2,2,Semi-Furnished,800,11,South,1,"₹ 6,000"
Apartments,2,2,Furnished,1250,2000,East,15,"₹ 18,000"
-1,-1,-1,-1,-1,-1,-1,-1,-1
Houses & Villas,2,1,Furnished,100,100,East,1,"₹ 3,500"
-1,-1,-1,-1,-1,-1,-1,-1,-1
-1,-1,-1,-1,-1,-1,-1,-1,-1
-1,-1,-1,-1,-1,-1,-1,-1,-1
-1,-1,-1,-1,-1,-1,-1,-1,-1
-1,-1,-1,-1,-1,-1,-1,-1,-1
-1,-1,-1,-1,-1,-1,-1,-1,-1
Houses & Villas,3,2,Semi-Furnished,1800,2,House,2,"₹ 13,000"
-1,-1,-1,-1,-1,-1,-1,-1,-1
-1,-1,-1,-1,-1,-1,-1,-1,-1
Apartments,1,1,Furnished,420,0,West,2,"₹ 11,500"
-1,-1,-1,-1,-1,-1,-1,-1,-1
-1,-1,-1,-1,-1,-1,-1,-1,-1
-1,-1,-1,-1,-1,-1,-1,-1,-1
Apartments,3,3,Semi-Furnished,1500,0,North-West,14,"₹ 17,000"
Houses & Villas,3,3,Furnished,1900,0,North-West,2,"₹ 20,000"
Apartments,1,1,Semi-Furnished,1000,7500,North-East,6,"₹ 7,500"
Houses & Villas,4,4,Unfurnished,1300,0,independant house in safe residential area,2,"₹ 15,000"
Apartments,1,1,Semi-Furnished,230,0,East,3,"₹ 6,500"
Houses & Villas,3,3,Unfurnished,1400,0,West,1,"₹ 8,500"
Apartments,3,3,Furnished,2200,2500,East,5,"₹ 35,000"
Builder Floors,2,1,Semi-Furnished,100,200,North-East,3,"₹ 7,000"
Apartments,3,3,Furnished,1960,2500,East,1,"₹ 30,000"
Apartments,3,3,Furnished,1250,2500,East,10,"₹ 25,000"
Apartments,2,2,Semi-Furnished,850,3000,East,15,"₹ 17,000"
-1,-1,-1,-1,-1,-1,-1,-1,-1
-1,-1,-1,-1,-1,-1,-1,-1,-1
-1,-1,-1,-1,-1,-1,-1,-1,-1
-1,-1,-1,-1,-1,-1,-1,-1,-1
-1,-1,-1,-1,-1,-1,-1,-1,-1
Houses & Villas,2,1,Unfurnished,900,1,House,1,"₹ 11,000"
-1,-1,-1,-1,-1,-1,-1,-1,-1
Houses & Villas,2,2,Semi-Furnished,1000,250,North,2,"₹ 12,500"
-1,-1,-1,-1,-1,-1,-1,-1,-1
-1,-1,-1,-1,-1,-1,-1,-1,-1
-1,-1,-1,-1,-1,-1,-1,-1,-1
-1,-1,-1,-1,-1,-1,-1,-1,-1
Apartments,1,1,Semi-Furnished,600,0,East,3,"₹ 7,500"
Houses & Villas,2,2,Furnished,1100,20000,East,2,"₹ 20,000"
Apartments,3,3,Furnished,2200,2500,South,5,"₹ 35,000"
Houses & Villas,2,2,Semi-Furnished,1200,0,North-East,2,"₹ 12,000"
-1,-1,-1,-1,-1,-1,-1,-1,-1
Apartments,2,2,Semi-Furnished,100,100,East,2,"₹ 9,000"
Apartments,2,2,Semi-Furnished,100,100,East,2,"₹ 11,000"
-1,-1,-1,-1,-1,-1,-1,-1,-1
-1,-1,-1,-1,-1,-1,-1,-1,-1
-1,-1,-1,-1,-1,-1,-1,-1,-1
-1,-1,-1,-1,-1,-1,-1,-1,-1
Houses & Villas,3,3,Furnished,800,50,East,2,"₹ 5,000"
Houses & Villas,1,1,Furnished,600,0,East,2,"₹ 7,000"
-1,-1,-1,-1,-1,-1,-1,-1,-1
-1,-1,-1,-1,-1,-1,-1,-1,-1
-1,-1,-1,-1,-1,-1,-1,-1,-1
Apartments,3,2,Unfurnished,1000,600,East,3,"₹ 12,500"
-1,-1,-1,-1,-1,-1,-1,-1,-1
Houses & Villas,2,2,Semi-Furnished,1250,150,West,1,"₹ 11,000"
Apartments,1,1,Furnished,511,1010,Abacus,12,"₹ 1,500"
Houses & Villas,3,3,Furnished,1500,0,West,2,"₹ 4,000"
-1,-1,-1,-1,-1,-1,-1,-1,-1
-1,-1,-1,-1,-1,-1,-1,-1,-1
-1,-1,-1,-1,-1,-1,-1,-1,-1
Builder Floors,1,1,Furnished,200,150,South,3,"₹ 6,500"
-1,-1,-1,-1,-1,-1,-1,-1,-1
-1,-1,-1,-1,-1,-1,-1,-1,-1
Apartments,2,2,Unfurnished,1100,0,North,4,"₹ 12,000"
-1,-1,-1,-1,-1,-1,-1,-1,-1
Builder Floors,1,1,Furnished,520,400,East,8,"₹ 11,500"
-1,-1,-1,-1,-1,-1,-1,-1,-1
Apartments,2,2,Semi-Furnished,1100,1700,South-East,4,"₹ 16,000"
Apartments,1,1,Semi-Furnished,400,0,North-East,4,"₹ 5,000"
Apartments,1,1,Semi-Furnished,9,1,Tushar Chaudhary,1,"₹ 4,000"
Houses & Villas,2,1,Unfurnished,0,0,North-East,0,"₹ 9,000"
Houses & Villas,1,1,Furnished,80,5000,East,2,"₹ 5,000"
Apartments,2,2,Semi-Furnished,0,0,North-East,0,"₹ 15,000"
-1,-1,-1,-1,-1,-1,-1,-1,-1
Houses & Villas,4,1,Furnished,12000,14000,North,2,"₹ 14,000"
Builder Floors,2,1,Unfurnished,1000,0,East,3,"₹ 5,500"
Apartments,2,2,Semi-Furnished,960,2000,East,19,"₹ 8,500"
Apartments,2,2,Semi-Furnished,960,2000,East,19,"₹ 8,500"
Houses & Villas,3,1,Furnished,900,0,East,2,"₹ 10,000"
Apartments,3,2,Semi-Furnished,1080,2500,shri radha sky garden,19,"₹ 10,000"
Apartments,2,2,Semi-Furnished,960,2000,North-East,19,"₹ 8,500"
Apartments,2,2,Semi-Furnished,1180,2500,North-East,19,"₹ 9,500"
Houses & Villas,2,1,Unfurnished,1000,5500,East,3,"₹ 5,500"
-1,-1,-1,-1,-1,-1,-1,-1,-1
Apartments,1,1,Furnished,400,500,North-West,7,"₹ 12,000"
-1,-1,-1,-1,-1,-1,-1,-1,-1
Apartments,2,2,Semi-Furnished,1040,2000,North-East,19,"₹ 8,500"
Apartments,2,2,Semi-Furnished,960,2000,East,19,"₹ 8,500"
Apartments,3,2,Semi-Furnished,1140,2500,East,19,"₹ 10,000"
-1,-1,-1,-1,-1,-1,-1,-1,-1
-1,-1,-1,-1,-1,-1,-1,-1,-1
Apartments,2,2,Semi-Furnished,960,2000,North-East,19,"₹ 8,500"
Apartments,3,2,Semi-Furnished,1080,2500,East,20,"₹ 10,000"
-1,-1,-1,-1,-1,-1,-1,-1,-1
Houses & Villas,1,1,Unfurnished,1200,5500,East,3,"₹ 5,500"
Apartments,2,2,Unfurnished,940,2000,East,19,"₹ 6,500"
Builder Floors,1,1,Furnished,480,5800,South-East,2,"₹ 5,800"
Builder Floors,2,1,Furnished,450,0,East,4,"₹ 7,000"
Houses & Villas,1,1,Unfurnished,216,0,North-West,1,"₹ 5,500"
-1,-1,-1,-1,-1,-1,-1,-1,-1
Apartments,1,1,Furnished,143,1500,East,14,"₹ 6,000"
Apartments,1,1,Furnished,300,1,North-East,5,"₹ 9,999"
Apartments,4,4,Semi-Furnished,2000,4000,North-East,18,"₹ 18,000"
Apartments,1,1,Furnished,350,1900,East,33,"₹ 14,000"
-1,-1,-1,-1,-1,-1,-1,-1,-1
Houses & Villas,2,2,Semi-Furnished,1300,0,North,2,"₹ 15,000"
Apartments,2,2,Semi-Furnished,995,1500,East,22,"₹ 5,000"
Houses & Villas,1,1,Unfurnished,1000,00,North,1,"₹ 2,500"
Houses & Villas,3,3,Furnished,1170,1350,North-East,2,"₹ 12,000"
Apartments,2,2,Semi-Furnished,1040,2000,North-East,16,"₹ 7,500"
-1,-1,-1,-1,-1,-1,-1,-1,-1
Houses & Villas,2,1,Semi-Furnished,1800,0,East,2,"₹ 7,000"
Houses & Villas,2,2,Unfurnished,1000,00,East,03,"₹ 8,000"
-1,-1,-1,-1,-1,-1,-1,-1,-1
Houses & Villas,3,2,Semi-Furnished,1000,00,East,2,"₹ 10,000"
-1,-1,-1,-1,-1,-1,-1,-1,-1
-1,-1,-1,-1,-1,-1,-1,-1,-1
Houses & Villas,1,1,Semi-Furnished,10,2300,East,1,"₹ 2,400"
Builder Floors,2,1,Unfurnished,800,7500,South,1,"₹ 7,500"
Builder Floors,1,1,Furnished,260,200,East,4,"₹ 6,000"
Houses & Villas,1,1,Semi-Furnished,450,00,East,3,"₹ 6,500"
Houses & Villas,2,1,Unfurnished,400,0,West,2,"₹ 8,000"
Houses & Villas,2,1,Furnished,1000,500,East,2,"₹ 5,000"
Houses & Villas,1,1,Furnished,250,200,North-East,2,"₹ 9,000"
-1,-1,-1,-1,-1,-1,-1,-1,-1
Apartments,2,2,Unfurnished,1100,1500,Ravi Properties Sunderpur,5,"₹ 15,500"
-1,-1,-1,-1,-1,-1,-1,-1,-1
Apartments,3,2,Semi-Furnished,1450,2500,Ravi Properties Sunderpur,7,"₹ 17,000"
Apartments,3,2,Unfurnished,1245,2000,Ravi Properties Sunderpur,5,"₹ 14,500"
-1,-1,-1,-1,-1,-1,-1,-1,-1
-1,-1,-1,-1,-1,-1,-1,-1,-1
Builder Floors,2,1,Unfurnished,800,3,Ravi Properties Sunderpur,2,"₹ 8,000"
Apartments,2,2,Unfurnished,900,1200,Ravi Properties Sunderpur,4,"₹ 11,500"
-1,-1,-1,-1,-1,-1,-1,-1,-1
Houses & Villas,3,1,Unfurnished,1200,3,Ravi Properties Sunderpur,1,"₹ 13,000"
Houses & Villas,3,1,Unfurnished,1350,2,Ravi Properties Sunderpur,2,"₹ 12,500"
-1,-1,-1,-1,-1,-1,-1,-1,-1
-1,-1,-1,-1,-1,-1,-1,-1,-1
Apartments,3,2,Semi-Furnished,1250,1000,North-East,2,"₹ 17,500"
Apartments,1,1,Furnished,305,100,North,2,"₹ 5,000"
Houses & Villas,3,2,Unfurnished,1650,3,Ravi Properties Sunderpur,1,"₹ 15,000"
Apartments,3,1,Unfurnished,1200,10000,East,3,"₹ 10,000"
Builder Floors,2,2,Furnished,900,4,House,3,"₹ 20,000"
Builder Floors,3,3,Furnished,1200,3,House,2,"₹ 40,000"
-1,-1,-1,-1,-1,-1,-1,-1,-1
-1,-1,-1,-1,-1,-1,-1,-1,-1
Builder Floors,2,1,Unfurnished,976,0,East,1,"₹ 7,000"
Apartments,3,3,Semi-Furnished,1400,3500,East,17,"₹ 10,000"
Builder Floors,2,2,Unfurnished,557,0,East,4,"₹ 6,000"
Apartments,2,1,Unfurnished,10,6000,West,11,"₹ 6,000"
Houses & Villas,2,1,Unfurnished,1000,2,24 transport facility,1,"₹ 7,000"
-1,-1,-1,-1,-1,-1,-1,-1,-1
Houses & Villas,1,1,Furnished,400,3,Aditya mishra,0,"₹ 4,000"
-1,-1,-1,-1,-1,-1,-1,-1,-1
Houses & Villas,1,1,Unfurnished,600,150,North,1,"₹ 6,500"
-1,-1,-1,-1,-1,-1,-1,-1,-1
Houses & Villas,2,2,Semi-Furnished,1100,100,East,2,"₹ 11,000"
Houses & Villas,2,1,Semi-Furnished,4000,00,East,2,"₹ 7,500"
Apartments,2,2,Semi-Furnished,1100,1400,"Kendriya Vihar, next to Shagun farm house",5,"₹ 7,000"
-1,-1,-1,-1,-1,-1,-1,-1,-1
Houses & Villas,1,1,Furnished,340,10,East,2,"₹ 7,500"
Apartments,2,2,Semi-Furnished,1100,1400,"Kendriya Vihar apartments, next to Shagun Farm house",5,"₹ 7,000"
Houses & Villas,1,1,Furnished,161,8000,East,2,"₹ 8,000"
Houses & Villas,1,1,Furnished,200,1,Male room partner jo ki 18 se 22 sal Tak Ho,2,"₹ 1,300"
-1,-1,-1,-1,-1,-1,-1,-1,-1
Houses & Villas,1,1,Furnished,150,400,West,2,"₹ 6,500"
-1,-1,-1,-1,-1,-1,-1,-1,-1
-1,-1,-1,-1,-1,-1,-1,-1,-1
Houses & Villas,2,1,Semi-Furnished,800,0,North-East,2,"₹ 6,500"
Apartments,1,1,Furnished,400,2500,North,19,"₹ 15,000"
Apartments,1,4+,Furnished,42,1,Rentpr dena hai hollsell wale lobi ke liye cl kre upr room separate h,1,"₹ 3,500"
-1,-1,-1,-1,-1,-1,-1,-1,-1
-1,-1,-1,-1,-1,-1,-1,-1,-1
Houses & Villas,1,1,Unfurnished,500,220,South-East,2,"₹ 8,000"
Houses & Villas,4,3,Furnished,2100,0,North,1,"₹ 15,000"
Builder Floors,2,1,Semi-Furnished,900,200,North-West,2,"₹ 7,000"
Apartments,1,1,Semi-Furnished,650,00,East,3,"₹ 2,200"
Houses & Villas,2,1,Semi-Furnished,000,50,North-East,3,"₹ 5,500"
Houses & Villas,2,1,Semi-Furnished,600,10000,West,1,"₹ 10,000"
-1,-1,-1,-1,-1,-1,-1,-1,-1
Houses & Villas,1,1,Semi-Furnished,400,3000,South,0,"₹ 3,000"
Builder Floors,2,2,Semi-Furnished,1200,0,North-East,3,"₹ 9,000"
Houses & Villas,2,2,Semi-Furnished,900,1000,West,1,"₹ 10,000"
-1,-1,-1,-1,-1,-1,-1,-1,-1
Apartments,1,1,Furnished,400,2500,East,19,"₹ 14,000"
Apartments,3,2,Semi-Furnished,1050,1,North-East,20,"₹ 13,500"
Apartments,2,2,Semi-Furnished,980,1,North-West,21,"₹ 11,000"
Apartments,2,2,Semi-Furnished,1000,1,North-East,20,"₹ 12,000"
Apartments,2,2,Semi-Furnished,980,1,North-East,21,"₹ 12,000"
Houses & Villas,2,2,Semi-Furnished,1300,6500,East,2,"₹ 6,500"
Houses & Villas,1,1,Semi-Furnished,200,3700,East,1,"₹ 3,700"
Builder Floors,1,1,Furnished,300,5,Neraj property,1,"₹ 5,000"
-1,-1,-1,-1,-1,-1,-1,-1,-1
Houses & Villas,2,1,Unfurnished,1000,2,Room for rent,1,"₹ 8,500"
Houses & Villas,2,1,Semi-Furnished,750,200,East,2,"₹ 8,000"
Houses & Villas,4+,4,Semi-Furnished,2700,0000,North-East,1,"₹ 25,000"
Houses & Villas,1,1,Furnished,200,5000,Sandy,2,"₹ 5,000"
Builder Floors,3,2,Semi-Furnished,1100,700,East,3,"₹ 14,000"
Apartments,3,3,Furnished,1750,2000,North-East,10,"₹ 35,000"
Builder Floors,3,3,Semi-Furnished,1300,3,Janta buildtech pvt . Ltd,1,"₹ 15,000"
Houses & Villas,2,1,Semi-Furnished,720,200,West,1,"₹ 10,000"
Apartments,2,2,Semi-Furnished,750,2000,North-East,20,"₹ 8,000"
-1,-1,-1,-1,-1,-1,-1,-1,-1
Apartments,2,2,Unfurnished,900,650,North-East,2,"₹ 4,500"
-1,-1,-1,-1,-1,-1,-1,-1,-1
Houses & Villas,1,1,Furnished,20,100,North,1,"₹ 2,500"
-1,-1,-1,-1,-1,-1,-1,-1,-1
Houses & Villas,2,2,Furnished,1000,2,Ashu Barqi,1,"₹ 14,000"
Apartments,2,2,Furnished,900,14000,East,3,"₹ 14,000"
Apartments,2,2,Furnished,630,1500,North-East,14,"₹ 12,000"
Apartments,3,3,Furnished,1300,1500,North-West,6,"₹ 25,000"
Houses & Villas,1,1,Furnished,500,500,North,4,"₹ 10,500"
Houses & Villas,1,1,Furnished,300,5000,South,1,"₹ 5,000"
Houses & Villas,2,1,Semi-Furnished,600,8000,South-East,0,"₹ 8,000"
Houses & Villas,2,1,Furnished,700,00,North-East,2,"₹ 6,000"
-1,-1,-1,-1,-1,-1,-1,-1,-1
-1,-1,-1,-1,-1,-1,-1,-1,-1
-1,-1,-1,-1,-1,-1,-1,-1,-1
Builder Floors,3,2,Semi-Furnished,1100,500,West,3,"₹ 10,000"
-1,-1,-1,-1,-1,-1,-1,-1,-1
Apartments,1,1,Furnished,250,4000,North,3,"₹ 4,000"
Houses & Villas,4+,4+,Semi-Furnished,2000,2,Ashiana Colony,0,"₹ 55,000"
Apartments,1,1,Semi-Furnished,700,400,North-East,4,"₹ 10,000"
-1,-1,-1,-1,-1,-1,-1,-1,-1
-1,-1,-1,-1,-1,-1,-1,-1,-1
Apartments,2,1,Furnished,550,500,South-East,2,"₹ 12,000"
Apartments,2,2,Semi-Furnished,880,2500,North,14,"₹ 9,500"
Apartments,2,2,Semi-Furnished,910,500,North-East,5,"₹ 8,500"
Houses & Villas,3,2,Semi-Furnished,1200,1,House for rent,1,"₹ 10,000"
Houses & Villas,4+,4+,Furnished,4523,5500,North-East,2,"₹ 5,500"
-1,-1,-1,-1,-1,-1,-1,-1,-1
Houses & Villas,2,1,Semi-Furnished,15,1000,South-East,2,"₹ 7,000"
Builder Floors,2,2,Semi-Furnished,1300,00,East,3,"₹ 10,500"
-1,-1,-1,-1,-1,-1,-1,-1,-1
-1,-1,-1,-1,-1,-1,-1,-1,-1
-1,-1,-1,-1,-1,-1,-1,-1,-1
Builder Floors,3,3,Semi-Furnished,1700,00,East,3,"₹ 13,000"
Builder Floors,1,1,Furnished,200,4,Single Room For Rent,3,"₹ 4,500"
Apartments,2,2,Semi-Furnished,900,0,Logix blossom zest sector 143 noida,20,"₹ 10,000"
-1,-1,-1,-1,-1,-1,-1,-1,-1
Houses & Villas,2,1,Semi-Furnished,800,7500,West,2,"₹ 7,500"
Apartments,3,3,Semi-Furnished,1300,1,North-East,22,"₹ 16,500"
Apartments,2,2,Furnished,875,1,East,20,"₹ 14,500"
-1,-1,-1,-1,-1,-1,-1,-1,-1
-1,-1,-1,-1,-1,-1,-1,-1,-1
-1,-1,-1,-1,-1,-1,-1,-1,-1
Apartments,3,4,Semi-Furnished,1500,3500,North-East,14,"₹ 15,000"
Apartments,2,2,Semi-Furnished,890,1890,North-West,14,"₹ 8,000"
Houses & Villas,2,2,Semi-Furnished,1180,500,South,2,"₹ 9,000"
-1,-1,-1,-1,-1,-1,-1,-1,-1
Houses & Villas,2,1,Semi-Furnished,1200,500,North-East,1,"₹ 10,000"
Apartments,3,2,Semi-Furnished,1100,1,North-East,20,"₹ 14,000"
Houses & Villas,1,1,Furnished,400,0,West,2,"₹ 2,500"
Apartments,2,2,Semi-Furnished,900,3200,Cloud 9 Indirapuram,24,"₹ 14,000"
Houses & Villas,2,1,Semi-Furnished,800,10000,East,2,"₹ 10,000"
Houses & Villas,2,1,Furnished,550,500,North-East,2,"₹ 11,000"
Houses & Villas,2,1,Semi-Furnished,1000,1,Kusum Villa,1,"₹ 5,500"
-1,-1,-1,-1,-1,-1,-1,-1,-1
Apartments,2,2,Semi-Furnished,1000,0,North-West,4,"₹ 11,000"
-1,-1,-1,-1,-1,-1,-1,-1,-1
-1,-1,-1,-1,-1,-1,-1,-1,-1
-1,-1,-1,-1,-1,-1,-1,-1,-1
-1,-1,-1,-1,-1,-1,-1,-1,-1
-1,-1,-1,-1,-1,-1,-1,-1,-1
Houses & Villas,2,1,Semi-Furnished,410,500,North-East,4,"₹ 8,000"
Houses & Villas,2,1,Unfurnished,800,0,East,0,"₹ 16,000"
Houses & Villas,2,1,Furnished,800,0,North-East,1,"₹ 7,000"
Builder Floors,2,1,Unfurnished,800,0,South,2,"₹ 6,000"
Houses & Villas,1,1,Unfurnished,1000,000,East,2,"₹ 6,500"
Houses & Villas,2,1,Semi-Furnished,1550,200,South-East,2,"₹ 8,000"
Apartments,1,1,Unfurnished,110,0,East,2,"₹ 4,000"
Houses & Villas,1,1,Semi-Furnished,50,0,South-East,2,"₹ 4,999"
-1,-1,-1,-1,-1,-1,-1,-1,-1
-1,-1,-1,-1,-1,-1,-1,-1,-1
Houses & Villas,1,1,Unfurnished,1400,500,West,0,"₹ 7,000"
Builder Floors,2,3,Furnished,120,100,East,2,"₹ 6,500"
Houses & Villas,2,1,Semi-Furnished,480,0,North-East,1,"₹ 7,000"
Houses & Villas,2,1,Semi-Furnished,900,0,East,2,"₹ 8,500"
Apartments,1,1,Furnished,1450,00,East,3500,"₹ 3,500"
-1,-1,-1,-1,-1,-1,-1,-1,-1
Apartments,1,1,Furnished,400,400,North-East,2,"₹ 8,500"
Apartments,2,2,Furnished,700,0,North-East,18,"₹ 25,000"
-1,-1,-1,-1,-1,-1,-1,-1,-1
Apartments,1,1,Furnished,350,1900,East,33,"₹ 14,000"
-1,-1,-1,-1,-1,-1,-1,-1,-1
Houses & Villas,2,2,Semi-Furnished,1250,0,East,2,"₹ 14,000"
Houses & Villas,2,1,Semi-Furnished,1000,7500,East,1,"₹ 7,500"
Apartments,2,1,Unfurnished,950,0,South-East,1,"₹ 8,000"
Houses & Villas,2,1,Unfurnished,150,150,North,1,"₹ 6,000"
Builder Floors,4+,4+,Semi-Furnished,1650,500,South-East,2,"₹ 30,000"
-1,-1,-1,-1,-1,-1,-1,-1,-1
Houses & Villas,1,1,Semi-Furnished,20,0,East,3,"₹ 1,700"
Houses & Villas,2,1,Semi-Furnished,400,00,South-West,2,"₹ 4,500"
Houses & Villas,2,2,Unfurnished,765,0,North,1,"₹ 7,000"
-1,-1,-1,-1,-1,-1,-1,-1,-1
Houses & Villas,1,1,Furnished,100,0,North-East,1,"₹ 2,500"
-1,-1,-1,-1,-1,-1,-1,-1,-1
Houses & Villas,1,1,Furnished,600,2,Lda Housing,2,"₹ 12,500"
Houses & Villas,2,1,Furnished,2700,500,East,2,"₹ 9,000"
Apartments,1,1,Semi-Furnished,510,500,North-East,5,"₹ 6,500"
-1,-1,-1,-1,-1,-1,-1,-1,-1
Houses & Villas,1,1,Furnished,500,500,North,4,"₹ 10,500"
-1,-1,-1,-1,-1,-1,-1,-1,-1
Houses & Villas,2,1,Semi-Furnished,1600,100,North-East,1,"₹ 7,500"
-1,-1,-1,-1,-1,-1,-1,-1,-1
-1,-1,-1,-1,-1,-1,-1,-1,-1
Apartments,1,1,Furnished,1800,25000,North-East,1,"₹ 25,000"
Apartments,3,2,Semi-Furnished,980,2800,North-West,24,"₹ 10,500"
-1,-1,-1,-1,-1,-1,-1,-1,-1
Apartments,3,2,Semi-Furnished,1100,3200,North,20,"₹ 11,000"
Houses & Villas,2,2,Semi-Furnished,45,300,North-West,4,"₹ 9,000"
Apartments,3,2,Semi-Furnished,1000,3000,North-East,22,"₹ 11,000"
Builder Floors,2,1,Semi-Furnished,60,8000,West,3,"₹ 8,000"
Houses & Villas,2,2,Semi-Furnished,1850,2,Gayatri Sadan,1,"₹ 10,000"
Houses & Villas,2,1,Unfurnished,750,2,New rent house for small family & government employee,1,"₹ 7,000"
Houses & Villas,2,1,Unfurnished,25,100,North-East,1,"₹ 7,000"
Apartments,2,2,Unfurnished,2308,500,North-East,1,"₹ 10,000"
-1,-1,-1,-1,-1,-1,-1,-1,-1
Apartments,3,3,Furnished,1300,1500,North-West,6,"₹ 25,000"
Houses & Villas,2,1,Unfurnished,1000,2,Room for rent,1,"₹ 8,500"
-1,-1,-1,-1,-1,-1,-1,-1,-1
Houses & Villas,2,1,Unfurnished,650,500,West,3,"₹ 7,000"
-1,-1,-1,-1,-1,-1,-1,-1,-1
-1,-1,-1,-1,-1,-1,-1,-1,-1
Builder Floors,1,1,Semi-Furnished,500,500,Garg Homes,3,"₹ 9,000"
-1,-1,-1,-1,-1,-1,-1,-1,-1
Houses & Villas,2,1,Semi-Furnished,850,00,East,2,"₹ 6,000"
-1,-1,-1,-1,-1,-1,-1,-1,-1
Builder Floors,3,2,Semi-Furnished,1400,1200,East,2,"₹ 15,000"
Apartments,2,1,Furnished,1000,150,East,4,"₹ 6,000"
Apartments,2,2,Unfurnished,0,1500,North-East,0,"₹ 16,000"
Houses & Villas,2,2,Unfurnished,00,0,North-East,0,"₹ 14,000"
Houses & Villas,2,1,Semi-Furnished,800,0,East,2,"₹ 7,000"
Apartments,2,2,Unfurnished,960,1940,East,14,"₹ 5,500"
Apartments,3,3,Unfurnished,1500,2500,East,14,"₹ 6,000"
Apartments,4,4+,Furnished,1915,6000,East,18,"₹ 35,000"
Apartments,3,2,Semi-Furnished,1250,1000,North-East,2,"₹ 17,500"
Apartments,3,2,Semi-Furnished,1000,3000,North-East,16,"₹ 55,00,000"
-1,-1,-1,-1,-1,-1,-1,-1,-1
Houses & Villas,3,1,Semi-Furnished,1000,0,East,3,"₹ 7,500"
-1,-1,-1,-1,-1,-1,-1,-1,-1
Houses & Villas,2,1,Unfurnished,0,0,North-East,1,"₹ 8,000"
Apartments,3,2,Unfurnished,1200,2400,East,13,"₹ 6,500"
Apartments,3,2,Semi-Furnished,1200,2400,East,13,"₹ 7,500"
Builder Floors,4+,4+,Furnished,250,0,East,4,"₹ 3,500"
Apartments,3,3,Semi-Furnished,1400,3000,North,5,"₹ 32,000"
-1,-1,-1,-1,-1,-1,-1,-1,-1
Houses & Villas,2,2,Furnished,40,1000,North,2,"₹ 11,000"
Apartments,2,2,Semi-Furnished,1400,4000,North,27,"₹ 24,50,000"
Houses & Villas,3,2,Semi-Furnished,1200,2,House For Rent,1,"₹ 12,000"
Houses & Villas,1,1,Furnished,600,500,North,3,"₹ 9,000"
Apartments,3,3,Semi-Furnished,1445,4500,East,20,"₹ 20,00,000"
Apartments,3,3,Semi-Furnished,1800,4500,East,30,"₹ 17,50,000"
Apartments,3,3,Semi-Furnished,1800,4500,East,5,"₹ 27,500"
Apartments,1,1,Semi-Furnished,250,6000,East,1,"₹ 6,000"
Apartments,1,1,Semi-Furnished,590,4,Gajaanan Apartment,1,"₹ 7,500"
Apartments,2,2,Semi-Furnished,950,1500,South,3,"₹ 21,500"
Houses & Villas,1,1,Unfurnished,350,500,East,4,"₹ 7,000"
Houses & Villas,2,2,Semi-Furnished,1100,1000,North-East,3,"₹ 12,00,000"
Builder Floors,2,2,Semi-Furnished,700,700,North,2,"₹ 12,500"
-1,-1,-1,-1,-1,-1,-1,-1,-1
Apartments,3,3,Semi-Furnished,2380,5000,East,20,"₹ 52,18,009"
Houses & Villas,1,2,Unfurnished,560,2,1bhk,0,"₹ 9,000"
Builder Floors,1,1,Semi-Furnished,249,500,North,3,"₹ 7,500"
-1,-1,-1,-1,-1,-1,-1,-1,-1
-1,-1,-1,-1,-1,-1,-1,-1,-1
-1,-1,-1,-1,-1,-1,-1,-1,-1
Apartments,1,1,Semi-Furnished,570,4,Suraksha Apartment,1,"₹ 7,900"
Houses & Villas,2,2,Semi-Furnished,1200,0,North,3,"₹ 15,000"
Apartments,3,3,Furnished,2200,5000,North,15,"₹ 68,200"
Houses & Villas,2,2,Semi-Furnished,1000,1000,East,2,"₹ 13,000"
Apartments,3,3,Furnished,2200,5000,North,15,"₹ 55,00,000"
Apartments,1,1,Semi-Furnished,560,4,Ajantha Arcade,1,"₹ 7,700"
Houses & Villas,2,2,Semi-Furnished,1000,0,North,2,"₹ 10,00,000"
Houses & Villas,2,2,Furnished,20,0,East,0,"₹ 10,000"
Apartments,2,2,Furnished,1100,2000,North,5,"₹ 26,000"
Apartments,2,2,Furnished,1006,2700,East,4,"₹ 27,000"
Houses & Villas,2,2,Furnished,500,0,North,2,"₹ 12,000"
Apartments,3,3,Semi-Furnished,2280,5000,East,20,"₹ 52,69,000"
Apartments,3,3,Semi-Furnished,2200,5000,East,30,"₹ 45,00,000"
Houses & Villas,1,1,Unfurnished,300,4500,shreekanth b a,4000,"₹ 4,500"
Apartments,3,2,Semi-Furnished,1250,2100,West,5,"₹ 22,000"
-1,-1,-1,-1,-1,-1,-1,-1,-1
Houses & Villas,2,1,Semi-Furnished,750,0,East,2,"₹ 7,500"
Apartments,2,2,Semi-Furnished,1023,3000,East,5,"₹ 18,000"
-1,-1,-1,-1,-1,-1,-1,-1,-1
Apartments,3,2,Semi-Furnished,1200,600,North,5,"₹ 7,500"
Builder Floors,2,2,Semi-Furnished,800,2500,East,3,"₹ 8,20,000"
-1,-1,-1,-1,-1,-1,-1,-1,-1
Apartments,3,2,Semi-Furnished,900,4000,West,7,"₹ 23,000"
-1,-1,-1,-1,-1,-1,-1,-1,-1
Apartments,3,3,Semi-Furnished,1500,25,Salarpuria Sattva Greeanage,1,"₹ 24,50,000"
Builder Floors,1,2,Unfurnished,6,2100,East,2,"₹ 2,100"
Apartments,3,3,Semi-Furnished,1300,3500,South-East,4,"₹ 28,00,000"
Builder Floors,3,2,Semi-Furnished,1000,0,North-East,2,"₹ 18,000"
Houses & Villas,1,Unfurnished,Owner,Yes,3,House for rent,1,"₹ 4,500"
Builder Floors,1,1,Semi-Furnished,600,1000,East,4,"₹ 12,000"
-1,-1,-1,-1,-1,-1,-1,-1,-1
-1,-1,-1,-1,-1,-1,-1,-1,-1
Apartments,1,1,Furnished,500,1000,East,4,"₹ 15,000"
Apartments,2,2,Semi-Furnished,1050,2500,South-West,3,"₹ 13,000"
Houses & Villas,2,2,Semi-Furnished,600,1000,East,3,"₹ 10,50,000"
Builder Floors,3,2,Semi-Furnished,1513,1500,East,5,"₹ 19,00,000"
Apartments,3,3,Semi-Furnished,1517,5000,East,4,"₹ 20,00,000"
Apartments,3,3,Semi-Furnished,1546,4000,East,13,"₹ 25,00,000"
Apartments,3,3,Semi-Furnished,1897,6000,Prestige falcon city.,32,"₹ 25,00,000"
Houses & Villas,1,1,Semi-Furnished,300,0,East,3,"₹ 5,000"
Apartments,2,2,Semi-Furnished,1200,4200,North,12,"₹ 15,50,000"
Builder Floors,4+,4+,Unfurnished,00,0123,Home shifting boyz,0123,"₹ 5,000"
Apartments,2,2,Semi-Furnished,950,2000,North,4,"₹ 20,000"
Apartments,3,3,Semi-Furnished,1450,5000,East,10,"₹ 33,000"
Apartments,1,1,Semi-Furnished,580,0,East,4,"₹ 10,000"
Apartments,2,2,Semi-Furnished,1200,3000,East,4,"₹ 17,00,000"
Houses & Villas,2,2,Semi-Furnished,650,2000,South-East,1,"₹ 7,00,000"
-1,-1,-1,-1,-1,-1,-1,-1,-1
Builder Floors,2,1,Semi-Furnished,600,15000,East,2,"₹ 15,000"
Apartments,2,1,Semi-Furnished,620,0,North,7,"₹ 10,000"
Apartments,1,1,Furnished,500,1000,East,6,"₹ 15,000"
Apartments,4+,2,Furnished,1500,250,North-East,4,"₹ 12,000"
Houses & Villas,1,1,Semi-Furnished,15,0,North,2,"₹ 4,500"
Houses & Villas,2,2,Unfurnished,850,0,East,1,"₹ 7,000"
Houses & Villas,2,3,Semi-Furnished,1200,14000,East,2,"₹ 14,000"
Houses & Villas,2,2,Furnished,600,100,East,2,"₹ 7,00,000"
Apartments,3,3,Semi-Furnished,2300,4000,North,5,"₹ 15,00,000"
Builder Floors,2,2,Semi-Furnished,750,1000,West,4,"₹ 16,000"
Houses & Villas,1,1,Semi-Furnished,0,0,South-East,2,"₹ 4,00,000"
Builder Floors,1,1,Semi-Furnished,525,500,North,2,"₹ 7,000"
-1,-1,-1,-1,-1,-1,-1,-1,-1
Houses & Villas,2,2,Semi-Furnished,1200,0,East,3,"₹ 14,000"
Apartments,3,2,Semi-Furnished,1400,5000,NCC Maple Heights,14,"₹ 37,000"
Apartments,3,3,Semi-Furnished,1400,1,North,4,"₹ 21,000"
Houses & Villas,2,3,Semi-Furnished,1100,15000,East,2,"₹ 15,000"
-1,-1,-1,-1,-1,-1,-1,-1,-1
Builder Floors,1,1,Semi-Furnished,800,500,East,4,"₹ 8,500"
Houses & Villas,2,1,Semi-Furnished,0,0,Rajappa building,3,"₹ 5,00,000"
Apartments,2,2,Furnished,862,2000,East,15,"₹ 28,000"
Apartments,1,1,Furnished,500,0,East,5,"₹ 14,000"
Apartments,1,1,Furnished,500,750,East,3,"₹ 23,00,000"
-1,-1,-1,-1,-1,-1,-1,-1,-1
Houses & Villas,2,2,Semi-Furnished,950,500,South,1,"₹ 15,000"
Houses & Villas,1,1,Furnished,2000,5000,Shri Sai Properties,0,"₹ 5,000"
Builder Floors,2,2,Semi-Furnished,1200,1000,North,4,"₹ 16,00,000"
Apartments,2,2,Semi-Furnished,1600,5,Kiran apartment,1,"₹ 14,00,000"
Apartments,3,3,Semi-Furnished,1500,2500,East,3,"₹ 18,00,000"
Houses & Villas,3,3,Semi-Furnished,1500,2000,East,2,"₹ 17,50,000"
Apartments,3,2,Semi-Furnished,1250,000,West,4,"₹ 16,000"
Apartments,3,3,Semi-Furnished,1600,1800,East,1600,"₹ 19,00,000"
Apartments,3,3,Semi-Furnished,1500,5000,South,4,"₹ 24,00,000"
Apartments,3,3,Semi-Furnished,1500,5000,West,5,"₹ 21,00,000"
Apartments,3,3,Semi-Furnished,1900,7,Gowri shankar,3,"₹ 23,00,000"
-1,-1,-1,-1,-1,-1,-1,-1,-1
Apartments,3,3,Semi-Furnished,1300,6000,Renaissance temple belles,12,"₹ 30,00,000"
Apartments,3,3,Semi-Furnished,1800,5000,North,18,"₹ 17,15,000"
Houses & Villas,2,2,Furnished,800,500,North-East,3,"₹ 12,000"
Houses & Villas,2,1,Semi-Furnished,1000,300,Independent House,3,"₹ 14,000"
Builder Floors,1,1,Semi-Furnished,400,500,North-East,3,"₹ 6,000"
Apartments,2,2,Semi-Furnished,1600,5000,East,25,"₹ 24,50,000"
Apartments,3,3,Semi-Furnished,2200,5000,North-East,38,"₹ 52,00,000"
Houses & Villas,2,2,Furnished,1200,0,Individual House in Gatted Community,1,"₹ 12,00,000"
-1,-1,-1,-1,-1,-1,-1,-1,-1
Apartments,2,2,Semi-Furnished,1200,4000,West,3,"₹ 15,40,000"
Apartments,2,2,Semi-Furnished,1200,3500,East,6,"₹ 13,50,000"
Apartments,2,2,Semi-Furnished,1300,4000,West,9,"₹ 18,00,000"
Apartments,3,3,Semi-Furnished,1500,3000,West,6,"₹ 19,00,000"
Builder Floors,3,3,Semi-Furnished,1500,5000,West,3,"₹ 26,00,000"
Apartments,3,3,Semi-Furnished,1500,5000,East,12,"₹ 22,50,000"
Apartments,3,3,Semi-Furnished,1700,6000,West,32,"₹ 28,00,000"
-1,-1,-1,-1,-1,-1,-1,-1,-1
Houses & Villas,2,1,Semi-Furnished,300,000,South,0,"₹ 2,000"
-1,-1,-1,-1,-1,-1,-1,-1,-1
Apartments,3,3,Semi-Furnished,1000,00,Kottara mangaluru,2,"₹ 12,000"
Houses & Villas,2,2,Furnished,800,500,North-East,3,"₹ 12,000"
-1,-1,-1,-1,-1,-1,-1,-1,-1
Houses & Villas,1,1,Unfurnished,300,0,East,3,"₹ 4,00,000"
Apartments,3,3,Semi-Furnished,1600,2000,East,7,"₹ 20,00,000"
Builder Floors,1,1,Semi-Furnished,500,0,East,3,"₹ 8,000"
Houses & Villas,2,1,Unfurnished,650,0,East,1,"₹ 7,500"
Apartments,2,2,Semi-Furnished,5200,2000,East,5,"₹ 4,500"
Apartments,3,3,Semi-Furnished,1600,2000,East,8,"₹ 20,00,000"
-1,-1,-1,-1,-1,-1,-1,-1,-1
Houses & Villas,1,1,Unfurnished,200,0,South,2,"₹ 5,000"
Apartments,3,3,Semi-Furnished,1600,3000,East,4,"₹ 37,00,000"
Builder Floors,2,2,Unfurnished,500,0,East,3,"₹ 15,000"
Apartments,2,2,Semi-Furnished,9663638980,0,North,3,"₹ 10,000"
Houses & Villas,2,2,Furnished,2400,0,North,1,"₹ 16,000"
Apartments,3,3,Semi-Furnished,1600,3500,East,7,"₹ 20,00,000"
Apartments,2,2,Semi-Furnished,900,3000,South,3,"₹ 13,00,000"
Apartments,2,2,Semi-Furnished,1000,500,North,4,"₹ 14,000"
Apartments,2,2,Semi-Furnished,1200,22000,North,4,"₹ 22,000"
Apartments,2,2,Semi-Furnished,950,2,Rajpurohit Nivasa,0,"₹ 8,500"
Builder Floors,2,1,Semi-Furnished,520,400,LEASE OR RENT,2,"₹ 5,70,000"
Houses & Villas,2,2,Semi-Furnished,1100,4,Sri Nivasam,2,"₹ 16,500"
Houses & Villas,2,2,Semi-Furnished,1800,0,South,2,"₹ 15,000"
Apartments,2,2,Furnished,10,2000,"Flat No : 303, Vishwas Paradise, Arekere",4,"₹ 13,500"
Houses & Villas,2,1,Unfurnished,400,5500,Harish nilaya,2,"₹ 5,500"
Houses & Villas,1,1,Unfurnished,400,0,North,4,"₹ 6,000"
Houses & Villas,1,1,Unfurnished,50,1000,East,3,"₹ 5,00,000"
Houses & Villas,2,1,Semi-Furnished,960,12000,East,3,"₹ 12,000"
-1,-1,-1,-1,-1,-1,-1,-1,-1
Houses & Villas,1,1,Unfurnished,200,7000,North,3,"₹ 7,000"
-1,-1,-1,-1,-1,-1,-1,-1,-1
-1,-1,-1,-1,-1,-1,-1,-1,-1
-1,-1,-1,-1,-1,-1,-1,-1,-1
Builder Floors,2,3,Semi-Furnished,1100,1500,East,2,"₹ 14,500"
-1,-1,-1,-1,-1,-1,-1,-1,-1
-1,-1,-1,-1,-1,-1,-1,-1,-1
Apartments,1,1,Unfurnished,450,500,North,5,"₹ 11,000"
-1,-1,-1,-1,-1,-1,-1,-1,-1
Builder Floors,1,1,Unfurnished,450,0,North,2,"₹ 7,000"
Houses & Villas,1,1,Semi-Furnished,3500,500,East,3,"₹ 4,200"
Apartments,3,3,Semi-Furnished,1600,3000,East,4,"₹ 19,60,000"
Builder Floors,1,1,Unfurnished,200,300,North-East,2,"₹ 10,000"
Houses & Villas,3,3,Unfurnished,2000,20000,North,2,"₹ 20,000"
Apartments,3,2,Semi-Furnished,950,3100,North-East,4,"₹ 25,000"
Apartments,2,2,Furnished,509,1500,East,4,"₹ 16,000"
Apartments,3,3,Semi-Furnished,1600,3000,East,18,"₹ 15,00,000"
Apartments,3,3,Semi-Furnished,1700,3000,East,25,"₹ 26,00,000"
Apartments,2,2,Semi-Furnished,1200,2000,East,7,"₹ 14,60,000"
-1,-1,-1,-1,-1,-1,-1,-1,-1
Apartments,2,2,Semi-Furnished,1100,1750,East,5,"₹ 22,000"
-1,-1,-1,-1,-1,-1,-1,-1,-1
Houses & Villas,2,2,Semi-Furnished,900,0,East,2,"₹ 10,000"
-1,-1,-1,-1,-1,-1,-1,-1,-1
Builder Floors,1,1,Furnished,600,0,North,0,"₹ 8,000"
Apartments,3,3,Semi-Furnished,1500,2000,East,3,"₹ 18,00,000"
Apartments,3,3,Furnished,1403,2000,Divya Jyothi Emeralds,4,"₹ 18,500"
Houses & Villas,4,3,Semi-Furnished,1254,5000,Geown Oasis,2,"₹ 20,000"
Apartments,2,2,Semi-Furnished,1000,1000,North,5,"₹ 14,000"
Apartments,2,2,Semi-Furnished,1300,4000,East,32,"₹ 18,00,000"
Apartments,3,3,Semi-Furnished,1600,2000,East,15,"₹ 16,00,000"
Apartments,3,2,Furnished,1300,2500,North-East,5,"₹ 30,000"
Apartments,2,2,Semi-Furnished,800,1700,North,4,"₹ 15,000"
Houses & Villas,1,1,Unfurnished,00,00,East,1,"₹ 4,500"
Builder Floors,2,2,Semi-Furnished,500,0,East,3,"₹ 15,000"
Apartments,3,3,Semi-Furnished,1600,6200,West,31,"₹ 29,80,009"
-1,-1,-1,-1,-1,-1,-1,-1,-1
Houses & Villas,1,1,Semi-Furnished,600,1000,East,3,"₹ 12,500"
Apartments,3,3,Semi-Furnished,1510,3000,East,5,"₹ 19,00,000"
Apartments,2,2,Semi-Furnished,1000,3000,East,4,"₹ 15,00,000"
-1,-1,-1,-1,-1,-1,-1,-1,-1
-1,-1,-1,-1,-1,-1,-1,-1,-1
Apartments,3,3,Semi-Furnished,1680,5000,South-East,5,"₹ 27,58,009"
Apartments,3,3,Semi-Furnished,1740,5000,South-East,5,"₹ 27,18,009"
Apartments,2,2,Semi-Furnished,950,3000,North,4,"₹ 21,000"
Houses & Villas,1,1,Semi-Furnished,450,8000,North,3,"₹ 8,000"
Houses & Villas,1,1,Semi-Furnished,650,0,East,3,"₹ 10,000"
Houses & Villas,2,1,Unfurnished,600,197,East,1,"₹ 7,000"
-1,-1,-1,-1,-1,-1,-1,-1,-1
Apartments,2,2,Semi-Furnished,950,1000,East,3,"₹ 20,000"
Apartments,3,3,Semi-Furnished,1680,6500,West,31,"₹ 28,50,000"
Houses & Villas,2,2,Semi-Furnished,1200,0,North,2,"₹ 14,000"
Apartments,3,3,Semi-Furnished,1580,5000,East,18,"₹ 21,80,009"
Houses & Villas,2,2,Semi-Furnished,1000,500,North,0,"₹ 18,000"
Apartments,2,2,Semi-Furnished,1350,2800,East,4,"₹ 20,18,000"
-1,-1,-1,-1,-1,-1,-1,-1,-1
Apartments,1,1,Furnished,300,0,East,4,"₹ 25,000"
Apartments,1,1,Furnished,150,0,North,4,"₹ 12,000"
Apartments,1,1,Furnished,300,0,East,4,"₹ 25,000"
Apartments,1,1,Furnished,200,0,North,4,"₹ 23,000"
Apartments,2,2,Semi-Furnished,1387,3000,VM Meadows,4,"₹ 17,00,000"
Apartments,3,3,Furnished,2200,0,East,16,"₹ 90,000"
Apartments,2,2,Semi-Furnished,550,1000,North,4,"₹ 9,000"
Houses & Villas,2,2,Semi-Furnished,650,100,East,2,"₹ 9,000"
Builder Floors,2,1,Semi-Furnished,900,0,East,3,"₹ 7,000"
-1,-1,-1,-1,-1,-1,-1,-1,-1
-1,-1,-1,-1,-1,-1,-1,-1,-1
-1,-1,-1,-1,-1,-1,-1,-1,-1
Apartments,1,1,Semi-Furnished,650,500,East,4,"₹ 10,499"
Apartments,3,3,Semi-Furnished,1200,500,North-East,4,"₹ 4,999"
Apartments,2,2,Semi-Furnished,550,1200,Janadhar Subha,8,"₹ 7,000"
Apartments,2,2,Semi-Furnished,1280,2500,East,4,"₹ 20,80,000"
Apartments,2,2,Semi-Furnished,1200,3500,East,4,"₹ 15,00,000"
Builder Floors,3,2,Semi-Furnished,1199,500,North-East,4,"₹ 15,999"
-1,-1,-1,-1,-1,-1,-1,-1,-1
-1,-1,-1,-1,-1,-1,-1,-1,-1
Builder Floors,1,1,Semi-Furnished,800,100,North,1,"₹ 4,800"
-1,-1,-1,-1,-1,-1,-1,-1,-1
Builder Floors,2,2,Semi-Furnished,1013,2000,North,4,"₹ 15,00,000"
-1,-1,-1,-1,-1,-1,-1,-1,-1
Houses & Villas,1,1,Semi-Furnished,400,0,East,3,"₹ 9,000"
Builder Floors,1,1,Furnished,300,0,North,3,"₹ 6,500"
Apartments,2,2,Semi-Furnished,750,250,North,4,"₹ 9,000"
Apartments,2,2,Semi-Furnished,1200,3500,East,4,"₹ 10,80,000"
Apartments,2,2,Semi-Furnished,1280,5000,East,20,"₹ 24,49,509"
Apartments,3,3,Semi-Furnished,1500,5000,East,32,"₹ 18,00,000"
Apartments,3,3,Furnished,1650,2000,East,9,"₹ 22,000"
Houses & Villas,2,1,Furnished,2600,3,Jeevan Chaitra,1,"₹ 15,000"
Apartments,2,2,Semi-Furnished,980,1500,South-East,5,"₹ 10,000"
Apartments,2,2,Semi-Furnished,1085,1200,North-East,9,"₹ 11,000"
Houses & Villas,1,1,Semi-Furnished,300,300,East,3,"₹ 5,500"
-1,-1,-1,-1,-1,-1,-1,-1,-1
Apartments,3,3,Semi-Furnished,1650,5000,East,4,"₹ 37,50,000"
Apartments,2,2,Semi-Furnished,1280,4500,East,6,"₹ 14,69,800"
Apartments,2,2,Semi-Furnished,1180,2000,North,6,"₹ 17,47,999"
Apartments,2,2,Semi-Furnished,1175,4100,East,8,"₹ 14,69,800"
Apartments,3,3,Semi-Furnished,1600,5000,East,9,"₹ 24,50,000"
Apartments,2,2,Semi-Furnished,1400,2000,East,8,"₹ 17,50,000"
Builder Floors,3,1,Semi-Furnished,600,2,Gururaja nilaya,0,"₹ 9,000"
Apartments,1,1,Furnished,525,500,East,5,"₹ 15,000"
Builder Floors,2,2,Semi-Furnished,771,0,North,3,"₹ 9,500"
Houses & Villas,2,1,Semi-Furnished,700,0,South,2,"₹ 18,000"
Houses & Villas,1,1,Semi-Furnished,450,0,East,3,"₹ 14,000"
Houses & Villas,1,1,Semi-Furnished,550,0,North,2,"₹ 6,000"
Apartments,2,2,Semi-Furnished,1100,4,Rms,1,"₹ 20,500"
Apartments,2,2,Semi-Furnished,1280,2000,North,8,"₹ 17,48,600"
Apartments,3,3,Semi-Furnished,1790,6000,North,20,"₹ 27,98,000"
Apartments,3,3,Semi-Furnished,1600,2000,East,4,"₹ 11,10,000"
Houses & Villas,1,1,Furnished,250,0,East,4,"₹ 25,000"
-1,-1,-1,-1,-1,-1,-1,-1,-1
Houses & Villas,1,1,Unfurnished,400,0,East,0,"₹ 4,500"
Houses & Villas,1,1,Semi-Furnished,450,0,East,2,"₹ 10,000"
Houses & Villas,2,2,Semi-Furnished,1000,0,East,3,"₹ 33,000"
Houses & Villas,2,2,Dealer,Yes,2,0,0,"₹ 20,000"
Apartments,2,2,Semi-Furnished,17000,2500,South,4,"₹ 25,000"
Houses & Villas,1,1,Furnished,200,0,East,3,"₹ 10,000"
Apartments,1,1,Semi-Furnished,1600,100,SIRI MANE,4,"₹ 6,500"
Apartments,3,3,Furnished,1683,2000,Nitesh Forest Hills,12,"₹ 6,767"
Builder Floors,2,2,Semi-Furnished,799,0,North,3,"₹ 9,500"
Houses & Villas,2,1,Semi-Furnished,540,0,East,1,"₹ 12,000"
Houses & Villas,1,1,Furnished,950,0,East,3,"₹ 20,000"
Apartments,3,3,Semi-Furnished,2280,6000,East,14,"₹ 52,18,000"
Houses & Villas,2,2,Semi-Furnished,1200,0,North-East,1,"₹ 12,000"
Apartments,3,3,Semi-Furnished,1600,6000,East,12,"₹ 23,00,000"
Apartments,2,2,Semi-Furnished,1200,4000,East,5,"₹ 30,000"
Apartments,3,2,Semi-Furnished,1180,3000,East,4,"₹ 17,00,000"
